"id","sh","sm","eh","em","title"
"p0","7","0","7","51","Period 0"
"pp1","7","51","7","57","Passing to Period 1"
"p1","7","57","8","53","Period 1"
"pp2","8","53","8","59","Passing to Period 2"
"p2","8","59","10","9","Period 2"
"pn","10","9","10","26","Nutrition"
"pp3","10","26","10","32","Passing to Period 3"
"p3","10","32","11","27","Period 3"
"pp4","11","27","11","33","Passing to Period 4"
"p4","11","33","12","28","Period 4"
"ph","12","28","13","1","Lunch"
"pp5","13","1","13","7","Passing to Period 5"
"p5","13","7","14","2","Period 5"
"pp6","14","2","14","8","Passing to Period 6"
"p6","14","8","15","4","Period 6"
"pp7","15","4","15","10","Passing to Period 7"
"p7","15","10","16","30","Period 7"